alpha,n,max_learning_steps,mean_penalty_last_window,normalized_cost
0.0,1,500,-502.0,1.004
0.1,1,500,-493.44,0.98688
0.2,1,500,-496.48,0.99296
0.3,1,500,-496.01,0.99202
0.4,1,500,-482.0,0.964
0.5,1,500,-492.87,0.98574
0.6,1,500,-485.35,0.9707
0.7,1,500,-466.22,0.93244
0.8,1,500,-489.12,0.97824
0.9,1,500,-482.88,0.96576
1.0,1,500,-452.47,0.90494
0.0,2,500,-496.67,0.99334
0.1,2,500,-489.96,0.97992
0.2,2,500,-472.34,0.94468
0.3,2,500,-482.81,0.96562
0.4,2,500,-447.36,0.89472
0.5,2,500,-465.16,0.93032
0.6,2,500,-427.44,0.85488
0.7,2,500,-464.33,0.92866
0.8,2,500,-444.44,0.88888
0.9,2,500,-443.29,0.88658
1.0,2,500,-402.99,0.80598
