time_limit_s,c_coefficient,red_wins_mean,red_wins_std,win_rate_mean,run1
0.00025,1.0,63.0,0.0,0.63,63
0.00025,0.9,47.0,0.0,0.47,47
0.0001,1.0,55.0,0.0,0.55,55
0.0001,0.9,48.0,0.0,0.48,48
5e-05,1.0,44.0,0.0,0.44,44
5e-05,0.9,46.0,0.0,0.46,46
2.5e-05,1.0,43.0,0.0,0.43,43
2.5e-05,0.9,46.0,0.0,0.46,46
1e-05,1.0,51.0,0.0,0.51,51
1e-05,0.9,54.0,0.0,0.54,54
5e-06,1.0,51.0,0.0,0.51,51
5e-06,0.9,51.0,0.0,0.51,51
2.5e-06,1.0,57.0,0.0,0.57,57
2.5e-06,0.9,53.0,0.0,0.53,53
